"Timestamp","check()","compute()","fetch()","find()","filter()","get()","lookup()","parse()","pick()","search()","select()","read()"
"2021/12/17 4:07:23 PM GMT+1","5","10","1","8","3","2","7","5","2","7","2","5"
"2021/12/17 4:21:02 PM GMT+1","8","1","6","8","5","10","7","6","9","4","10","8"
"2021/12/17 4:28:28 PM GMT+1","10","8","3","6","8","8","3","5","9","2","1","3"
"2021/12/17 4:29:49 PM GMT+1","10","9","5","9","10","10","10","6","8","5","4","3"
"2021/12/17 4:38:33 PM GMT+1","9","4","1","5","8","10","4","3","7","2","6","4"
"2021/12/17 6:58:27 PM GMT+1","1","6","2","10","7","2","3","3","5","9","5","4"
"2021/12/20 11:59:00 AM GMT+1","1","4","10","7","8","2","6","5","2","9","3","7"
"2021/12/21 1:09:32 PM GMT+1","9","4","5","3","6","8","6","7","8","7","8","7"
"2022/01/03 7:27:27 PM GMT+1","9","1","2","7","6","10","4","3","8","4","7","5"
